"legacy_path","canonical_path","status","title"
"1.html","/archive/misc/1/","hidden","rabbithole1 - Alius"
"2.html","/archive/misc/2/","hidden","rabbithole2 - Alius"
"7.html","/archive/misc/7/","hidden","rabbithole7 - Alius"
"8.html","/archive/misc/8/","hidden","rabbithole8 - Alius"
"about.html","/about/","published","About - Alius"
"active-roles.html","/pages/active-roles/","published","Active Roles - Alius"
"alpha-waves.html","/pages/alpha-waves/","published","Waves beyond waveforms - Alius"
"anima.html","/research/projects/anima/","published","anima - Alius"
"application-late.html","/events/application-late/","published","application-late - Alius"
"attendees.html","/events/attendees/","published","Attendees - Alius"
"become-a-member.html","/community/become-a-member/","published","Become a member - Alius"
"bicycle-day-workshop.html","/events/bicycle-day-workshop/","published","Bicycle Day Workshop - Alius"
"blog.html","/pages/blog/","published","Blog - Alius"
"blog-v1.html","/pages/blog-v1/","published","Alius - Blog-v1"
"bulletin.html","/bulletin/","published","Bulletin - Alius"
"bulletin01.html","/bulletin/issues/bulletin-01/","published","Bulletin Issue n&deg;1 - Alius"
"bulletin01-carhartharrisinterview.html","/bulletin/interviews/bulletin01-carhartharrisinterview/","published","Robin Carhart-Harris - Alius Bulletin n&deg;1 - Alius"
"bulletin01-hohwyinterview.html","/bulletin/interviews/bulletin01-hohwyinterview/","published","Jakob Hohwy - Alius Bulletin n&deg;1 - Alius"
"bulletin01-luhrmanninterview.html","/bulletin/interviews/bulletin01-luhrmanninterview/","published","Tanya Luhrmann - Alius Bulletin n&deg;1 - Alius"
"bulletin01-mccarthyjonesinterview.html","/bulletin/interviews/bulletin01-mccarthyjonesinterview/","published","Simon McCarthy-Jones - Alius Bulletin n&deg;1 - Alius"
"bulletin01-seligmaninterview.html","/bulletin/interviews/bulletin01-seligmaninterview/","published","Rebecca Seligman - Alius Bulletin n&deg;1 - Alius"
"bulletin01-windtinterview.html","/bulletin/interviews/bulletin01-windtinterview/","published","Jennifer Windt - Alius Bulletin n&deg;1 - Alius"
"bulletin02.html","/bulletin/issues/bulletin-02/","published","Bulletin Issue n&deg;2 - Alius"
"bulletin02-foxinterview.html","/bulletin/interviews/bulletin02-foxinterview/","published","Kieran Fox - Alius Bulletin n&deg;2 - Alius"
"bulletin02-fristonbiography.html","/bulletin/interviews/bulletin02-fristonbiography/","published","Karl Friston Biography - Alius Bulletin n&deg;2 - Alius"
"bulletin02-fristoninterview.html","/bulletin/interviews/bulletin02-fristoninterview/","published","Karl Friston - Alius Bulletin n&deg;2 - Alius"
"bulletin02-metzingerinterview.html","/bulletin/interviews/bulletin02-metzingerinterview/","published","Thomas Metzinger - Alius Bulletin n&deg;2 - Alius"
"bulletin02-nicholsinterview.html","/bulletin/interviews/bulletin02-nicholsinterview/","published","David Nichols - Alius Bulletin n&deg;2 - Alius"
"bulletin02-oreganinterview.html","/bulletin/interviews/bulletin02-oreganinterview/","published","Kevin O'Regan - Alius Bulletin n&deg;2 - Alius"
"bulletin02-ratcliffeinterview.html","/bulletin/interviews/bulletin02-ratcliffeinterview/","published","Ratcliffe - Alius Bulletin n&deg;2 - Alius"
"bulletin02-ratcliffeinterview-496999-868603-823482-372692.html","/bulletin/interviews/bulletin02-ratcliffeinterview-496999-868603-823482-372692/","published","Ratcliffe - Alius Bulletin n&deg;2 - Alius"
"bulletin02-tavesinterview.html","/bulletin/interviews/bulletin02-tavesinterview/","published","Ann Taves - Alius Bulletin n&deg;2 - Alius"
"bulletin03.html","/bulletin/issues/bulletin-03/","published","Bulletin Issue n&deg;3 - Alius"
"bulletin03-bayneinterview.html","/bulletin/interviews/bulletin03-bayneinterview/","published","Tim Bayne - Alius Bulletin n&deg;3 - Alius"
"bulletin03-dennettinterview.html","/bulletin/interviews/bulletin03-dennettinterview/","published","Daniel Dennett - Alius Bulletin n&deg;3 - Alius"
"bulletin03-dienesinterview.html","/bulletin/interviews/bulletin03-dienesinterview/","published","Zoltan Dienes - Alius Bulletin n&deg;3 - Alius"
"bulletin03-prellerinterview.html","/bulletin/interviews/bulletin03-prellerinterview/","published","Katrin Preller - Alius Bulletin n&deg;3 - Alius"
"bulletin03-winkelmaninterview.html","/bulletin/interviews/bulletin03-winkelmaninterview/","published","Michael Winkelman - Alius Bulletin n&deg;3 - Alius"
"bulletin04.html","/bulletin/issues/bulletin-04/","published","Bulletin Issue n&deg;4 - Alius"
"bulletin04-bairdinterview.html","/bulletin/interviews/bulletin04-bairdinterview/","published","Benjamin Baird - Alius Bulletin n&deg;4 - Alius"
"bulletin04-carterinterview.html","/bulletin/interviews/bulletin04-carterinterview/","published","Olivia Carter - Alius Bulletin n&deg;4 - Alius"
"bulletin04-gosseriesinterview.html","/bulletin/interviews/bulletin04-gosseriesinterview/","published","Olivia Gosseries - Alius Bulletin n&deg;4 - Alius"
"bulletin04-hanksinterview.html","/bulletin/interviews/bulletin04-hanksinterview/","published","Timothy Hanks - Alius Bulletin n&deg;4 - Alius"
"bulletin04-lenggenhagerinterview.html","/bulletin/interviews/bulletin04-lenggenhagerinterview/","published","Bigna Lenggenhager - Alius Bulletin n&deg;4 - Alius"
"bulletin04-martintribute.html","/bulletin/interviews/bulletin04-martintribute/","published","Tribute to Martin - Alius Bulletin n&deg;4 - Alius"
"bulletin04-nicholsinterview.html","/bulletin/interviews/bulletin04-nicholsinterview/","published","Nichols &amp; Nichols - Alius Bulletin n&deg;4 - Alius"
"bulletin04-vignemontinterview.html","/bulletin/interviews/bulletin04-vignemontinterview/","published","Vignemont - Alius Bulletin n&deg;4 - Alius"
"bulletin05.html","/bulletin/issues/bulletin-05/","published","Bulletin Issue n&deg;5 - Alius"
"bulletin05-cannaseligmaninterview.html","/bulletin/interviews/bulletin05-cannaseligmaninterview/","published","Canna &amp; Seligman - Alius Bulletin n&deg;5 - Alius"
"bulletin05-chadhainterview.html","/bulletin/interviews/bulletin05-chadhainterview/","published","Chadha - Alius Bulletin n&deg;5 - Alius"
"bulletin05-martial.html","/bulletin/interviews/bulletin05-martial/","published","Martial - NDE in the public debate - Alius"
"bulletin05-olsonyadeninterview.html","/bulletin/interviews/bulletin05-olsonyadeninterview/","published","Olson &amp; Yaden - Alius Bulletin n&deg;5 - Alius"
"bulletin05-schmidtinterview.html","/bulletin/interviews/bulletin05-schmidtinterview/","published","Schmidt - Alius Bulletin n&deg;5 - Alius"
"bulletin06.html","/bulletin/issues/bulletin-06/","published","Bulletin Issue n&deg;6 - Alius"
"bulletin06-ciaunica-podcast.html","/bulletin/interviews/bulletin06-ciaunica-podcast/","published","Ciaunica - Alius Bulletin n&deg;6 - Alius"
"bulletin06-dossinterview-532533.html","/bulletin/interviews/bulletin06-dossinterview-532533/","published","Doss - Alius"
"bulletin06-gonzalez-interview.html","/bulletin/interviews/bulletin06-gonzalez-interview/","published","Gonz&aacute;lez - Alius Bulletin n&deg;6 - Alius"
"bulletin06-gonzalez-interview-193094.html","/bulletin/interviews/bulletin06-gonzalez-interview-193094/","published","Gonz&aacute;lez - Alius Bulletin n&deg;6 - Alius"
"bulletin06-jillings-podcast.html","/bulletin/interviews/bulletin06-jillings-podcast/","published","Jillings - Alius Bulletin n&deg;6 - Alius"
"bulletin06-koroma-podcast.html","/bulletin/interviews/bulletin06-koroma-podcast/","published","Koroma - Alius Bulletin n&deg;6 - Alius"
"bulletin06-koroma-podcast-348367.html","/bulletin/interviews/bulletin06-koroma-podcast-348367/","published","Koroma - Alius Bulletin n&deg;6 - Alius"
"bulletin06-sapolskyinterview.html","/bulletin/interviews/bulletin06-sapolskyinterview/","published","Sapolsky - Alius Bulletin n&deg;6 - Alius"
"bulletin07.html","/bulletin/issues/bulletin-07/","published","bulletin07 - Alius"
"cardiac_sleep.html","/research/projects/cardiac_sleep/","published","Cardiac responses to sounds reveal the embodiment of sleep functions - Alius"
"changeux.html","/pages/changeux/","published","Changeux - Alius"
"cincosins.html","/pages/cincosins/","published","Cinco Sins of Psychedelic Research - Alius"
"classification-schemes.html","/pages/classification-schemes/","published","Classification Schemes of &#8203;Altered States of Consciousness - Alius"
"commentaries.html","/research/commentaries/commentaries/","published","Commentaries - Alius"
"commentaries2.html","/research/commentaries/commentaries2/","published","Commentaries - Alius"
"cultural-shaping-of-consciousness.html","/research/projects/cultural-shaping-of-consciousness/","published","The Cultural Shaping of Consciousness - Alius"
"depersonalisation.html","/research/projects/depersonalisation/","published","depersonalisation - Alius"
"episodes.html","/media/episodes/","published","Episodes - Alius"
"events.html","/events/events/","published","Events - Alius"
"francelerner.html","/pages/francelerner/","published","France Lerner - Alius"
"froese.html","/pages/froese/","published","Froese - Alius"
"images-visionnaires.html","/media/images-visionnaires/","published","Images Visionnaires - Alius"
"index.html","/","published","Alius - Exploring the diversity &#8203;of consciousness"
"interviews.html","/articles/interviews/interviews/","published","Interviews - Alius"
"interviews-543677.html","/articles/interviews/interviews-543677/","published","2025 - Alius"
"interviews-543677-730818.html","/articles/interviews/interviews-543677-730818/","published","2024 - Alius"
"interviews-785795-961587.html","/articles/interviews/interviews-785795-961587/","published","Commentaries - Alius"
"jeanremy-martin-01.html","/pages/jeanremy-martin-01/","published","Jean-R&eacute;my Martin - Consciousness anaesthetised: placebo and metacognition - Alius"
"jeanremy-martin-intro.html","/pages/jeanremy-martin-intro/","published","Introducing Jean-R&eacute;my Martin - Alius"
"journal-club.html","/events/journal-club/","published","Journal Clubs - Alius"
"journal-club-228113.html","/events/journal-club-228113/","published","Journal Clubs - Alius"
"journalclub-868968.html","/events/journalclub-868968/","published","How to study the effects of psychedelics - Alius"
"journal-club-995321.html","/events/journal-club-995321/","published","Journal Clubs - Alius"
"journee-etudes-martin-fortier.html","/pages/journee-etudes-martin-fortier/","published","Journ&eacute;e d'&eacute;tudes Martin Fortier - Alius"
"link-page.html","/pages/link-page/","published","Link Page - Alius"
"mapping-dmt.html","/research/projects/mapping-dmt/","published","Mapping neural dynamics to experience dynamics in a dose-response study of DMT - Alius"
"martial-nde-commentary.html","/pages/martial-nde-commentary/","published","Martial - Alius"
"martinfortier.html","/pages/martinfortier/","published","In Memoriam - Alius"
"media.html","/media/media/","published","Media - Alius"
"meditation-psychedelics-self.html","/research/projects/meditation-psychedelics-self/","published","Meditation, psychedelics and the self - Alius"
"members1.html","/community/members1/","published","members - Alius"
"membership-renewal.html","/community/membership-renewal/","published","Membership Tiers - Alius"
"membership-renewal-178580.html","/community/membership-renewal-178580/","published","Researcher Membership - Alius"
"membership-renewal-894351.html","/community/membership-renewal-894351/","published","Membership - Alius"
"music.html","/media/music/","published","Music - Alius"
"newsletter.html","/community/newsletter/","published","Newsletter - Alius"
"nichols-nichols-endogenous-dmt.html","/research/projects/nichols-nichols-endogenous-dmt/","published","Charles Nichols &amp; David Nichols &ndash; Debating endogenous DMT in the brain - Alius"
"oldcode.html","/archive/misc/oldcode/","hidden","oldcode - Alius"
"peripersonal.html","/research/projects/peripersonal/","published","Peripersonal Space - Alius"
"physiopheno.html","/research/projects/physiopheno/","published","Physiophenomenology - Alius"
"pics.html","/media/pics/","published","Pictures - Alius"
"podcast.html","/media/podcast/","published","Podcast - Alius"
"polona-pozeg-01.html","/pages/polona-pozeg-01/","published","Polona Pozeg - Bodily foundations of the sense of self - Alius"
"polona-pozeg-intro.html","/pages/polona-pozeg-intro/","published","Introducing Polona Pozeg - Alius"
"projects.html","/research/projects/","published","Projects - Alius"
"psychedelic-pharmacology.html","/research/projects/psychedelic-pharmacology/","published","Pharmacological principles of psychedelic drug action - Alius"
"psychedelics-challenging-experiences.html","/research/projects/psychedelics-challenging-experiences/","published","Navigating Ontologically Challenging Psychedelic Experiences - Alius"
"psychedelics-extrended-difficulties.html","/research/projects/psychedelics-extrended-difficulties/","published","Navigating Ontologically Challenging Psychedelic Experiences - Alius"
"psychedelic-therapy.html","/research/projects/psychedelic-therapy/","published","Psychedelic-Assisted Therapy: From Research to Policy Implementation - Alius"
"qualius.html","/research/projects/qualius/","published","ASSC Satellite - Alius"
"qualius-program.html","/research/projects/qualius-program/","published","Program Information - Alius"
"research.html","/research/","published","Research - Alius"
"research1.html","/research/","published","Research - Alius"
"researcher-members.html","/community/researcher-members/","published","Researcher Members - Alius"
"seeing-in-the-dark.html","/pages/seeing-in-the-dark/","published","Seeing in the dark: making sense of psychedelics action on brain and behaviour in naturalistic settings - Alius"
"self-other.html","/research/projects/self-other/","published","Externalization of the self and internalization of the other - Alius"
"skipper.html","/pages/skipper/","published","Skipper - Alius"
"somatic-cultures-ad-consciousness.html","/research/projects/somatic-cultures-ad-consciousness/","published","Somatic Cultures ad Consciousness - Alius"
"symposium.html","/events/symposium/","published","Symposium - Alius"
"tagliazucchi_effects_psychedelics.html","/research/projects/tagliazucchi_effects_psychedelics/","published","How should we study the effects of psychedelic drugs - Alius"
"team.html","/about/team/team/","published","Team - Alius"
"team-222796.html","/about/team/team-222796/","published","Coordinators - Alius"
"team-639772.html","/about/team/team-639772/","published","Team - Alius"
"team-743740.html","/about/team/team-743740/","published","Team - Alius"
"team-814948.html","/about/team/team-814948/","published","Team - Alius"
"team-912849.html","/about/team/team-912849/","published","Team - Alius"
"team-955042.html","/about/team/team-955042/","published","Research Members - Alius"
"team-955042-710461.html","/about/team/team-955042-710461/","published","Research Members - Alius"
"teamtemplate-956529.html","/pages/teamtemplate-956529/","published","Team - Alius"
"teamtest.html","/archive/misc/teamtest/","hidden","Team - Alius"
"teamtest1.html","/archive/misc/teamtest1/","hidden","Team - Alius"
"teamtest2.html","/archive/misc/teamtest2/","hidden","Team - Alius"
"torus.html","/research/projects/torus/","published","torus - Alius"
"track1-600953.html","/media/track1-600953/","published","track1 - Alius"
"trauma_under_psychedelics.html","/research/projects/trauma_under_psychedelics/","published","Trauma Under Psychedelics - Alius"
"travel-information.html","/events/travel-information/","published","Travel Information - Alius"
"tulpamancy-522105.html","/pages/tulpamancy-522105/","published","Tulpamancy - Alius"
"viscereality.html","/research/projects/viscereality/","published","Altered States of Viscereality - Alius"
"voix-et-visions.html","/pages/voix-et-visions/","published","Voix et visions - Alius"
"workshop-2017.html","/events/workshops/workshop-2017/","published","ALIUS Workshop 2017 - Alius"
"workshop-2018.html","/events/workshops/workshop-2018/","published","ALIUS Workshop 2018 - Alius"
